study_factor,dv_name,coef_name,version,est,se,li,ui
Haider-Markel and Joslyn (2001),Support for Concealed Carry Law,Citizens' Rights Frame,Mechanical Turk,0.21370109138876475,0.051316343835200236,0.1131210574717723,0.3142811253057572
Haider-Markel and Joslyn (2001),Support for Concealed Carry Law,Citizens' Rights Frame,Original,0.32862082229510126,0.0834969603283145,0.16496678005160484,0.4922748645385977
Brader (2005),Support for Immigration,Positive Frame,Mechanical Turk,0.2554453205940322,0.04789770522072783,0.16156581836140566,0.3493248228266587
Brader (2005),Support for Immigration,Positive Frame,Original,0.38628696803251494,0.1434391772304927,0.10514618066074921,0.6674277554042807
Brader (2005),Negative Impact,Positive Frame,Mechanical Turk,-0.22428437578623187,0.04294731667022697,-0.3084611164598767,-0.140107635112587
Brader (2005),Negative Impact,Positive Frame,Original,-0.27675636230979495,0.12910259780924177,-0.5297974540159088,-0.02371527060368106
Peffley and Hurwitz (2007),Favor Death Penalty,African Americans,Mechanical Turk,0.10489531692918241,0.04896698823162735,0.008920019995192804,0.200870613863172
Peffley and Hurwitz (2007),Favor Death Penalty,African Americans,Original,0.4170544865501391,0.09491087269613153,0.2310291760657213,0.6030797970345569
Transue (2007),Willingness to Pay Tax,Other Americans,Mechanical Turk,-0.07517906033674246,0.09503686184001578,-0.2614513095431734,0.11109318886968847
Transue (2007),Willingness to Pay Tax,Public Schools,Mechanical Turk,0.19097326441463708,0.09492859920941765,0.004913209964178489,0.37703331886509567
Transue (2007),Willingness to Pay Tax,Other Americans,Original,0.17575150746048895,0.10487822722785112,-0.02980981790609924,0.3813128328270772
Transue (2007),Willingness to Pay Tax,Public Schools,Original,0.1610198884683932,0.10471182355332212,-0.04421528569611813,0.3662550626329045
Chong and Druckman (2010),Patriot Act Support,Con / Memory Based,Mechanical Turk,-0.1763484655035285,0.10662036239740785,-0.3853243758024479,0.03262744479539087
Chong and Druckman (2010),Patriot Act Support,Con / No Processing,Mechanical Turk,-0.39034224695587766,0.1089746601180076,-0.6039325807871726,-0.17675191312458274
Chong and Druckman (2010),Patriot Act Support,Con / Online Processing,Mechanical Turk,-0.3981500690942571,0.10672630329064228,-0.607333623543916,-0.18896651464459824
Chong and Druckman (2010),Patriot Act Support,Pro / Memory Based,Mechanical Turk,0.20180093747407796,0.10790607143878572,-0.009694962545942043,0.41329683749409796
Chong and Druckman (2010),Patriot Act Support,Pro / No Processing,Mechanical Turk,0.3244376733559108,0.11493497050675534,0.09916513116267031,0.5497102155491512
Chong and Druckman (2010),Patriot Act Support,Pro / Online Processing,Mechanical Turk,0.2746053634640153,0.11064589795894057,0.0577394034644918,0.49147132346353883
Chong and Druckman (2010),Patriot Act Support,Both / Memory Based,Mechanical Turk,-0.10008982722113166,0.11777833079275891,-0.33093535557493914,0.13075570113267582
Chong and Druckman (2010),Patriot Act Support,Both / No Processing,Mechanical Turk,0.013716324248110265,0.12554994376584788,-0.2323615655329516,0.25979421402917213
Chong and Druckman (2010),Patriot Act Support,Both / Online Processing,Mechanical Turk,-0.16404037886726971,0.1302456219680191,-0.4193217979245871,0.09124104019004767
Chong and Druckman (2010),Patriot Act Support,Con / Memory Based,Original,-0.3755003668254952,0.12353469938184157,-0.6176283776139047,-0.13337235603708572
Chong and Druckman (2010),Patriot Act Support,Con / No Processing,Original,-0.4141921275963607,0.13045207253252813,-0.6698781897601158,-0.1585060654326056
Chong and Druckman (2010),Patriot Act Support,Con / Online Processing,Original,-0.4503068312007206,0.12494354139157665,-0.6951961723282108,-0.2054174900732304
Chong and Druckman (2010),Patriot Act Support,Pro / Memory Based,Original,0.330335475737826,0.12483976362377419,0.0856495390352286,0.5750214124404234
Chong and Druckman (2010),Patriot Act Support,Pro / No Processing,Original,0.425338683716933,0.12014251661717751,0.1898593511472651,0.6608180162866009
Chong and Druckman (2010),Patriot Act Support,Pro / Online Processing,Original,0.33472232308197736,0.1224666318000232,0.09468772475393189,0.5747569214100228
Chong and Druckman (2010),Patriot Act Support,Both / Memory Based,Original,-0.06765772375234538,0.14333582286857866,-0.3485959365747595,0.21328048907006877
Chong and Druckman (2010),Patriot Act Support,Both / No Processing,Original,-0.07707841946469611,0.1575402210514023,-0.38585725272544463,0.23170041379605238
Chong and Druckman (2010),Patriot Act Support,Both / Online Processing,Original,0.006342911601777057,0.13291392935315377,-0.2541683899304043,0.26685421313395846
Nicholson (2012),Support for Immigration Bill,In Party Cue,Mechanical Turk,0.10441498256241741,0.06259291528325761,-0.018267131392767505,0.22709709651760232
Nicholson (2012),Support for Immigration Bill,In Party Cue,Original,0.22867125871569657,0.08613242548467681,0.05985170476573004,0.3974908126656631
Nicholson (2012),Support for Foreclosure Bill,In Party Cue,Mechanical Turk,0.1077648148859248,0.06540556719015213,-0.020430096806773365,0.23595972657862296
Nicholson (2012),Support for Foreclosure Bill,In Party Cue,Original,0.1779431648729668,0.07916117672896938,0.022787258484186806,0.33309907126174676
"McGinty, Webster, and Barry (2013)",Magazines,News,Mechanical Turk,0.009448414555119964,0.03881109108379136,-0.06662132396911111,0.08551815307935104
"McGinty, Webster, and Barry (2013)",Magazines,LCM Ban,Mechanical Turk,0.11813644146435663,0.046921476917381875,0.026170346706288164,0.21010253622242508
"McGinty, Webster, and Barry (2013)",Magazines,Mental Illness,Mechanical Turk,-0.007441244358854269,0.048495665650516204,-0.10249274903386603,0.0876102603161575
"McGinty, Webster, and Barry (2013)",Magazines,News,Original,0.11316318161324236,0.04415668385173697,0.02661608126383791,0.1997102819626468
"McGinty, Webster, and Barry (2013)",Magazines,LCM Ban,Original,0.18436662334530754,0.0554013501377885,0.07577997707524209,0.292953269615373
"McGinty, Webster, and Barry (2013)",Magazines,Mental Illness,Original,0.09866174409050289,0.0539392476291666,-0.007059181262663652,0.20438266944366945
"McGinty, Webster, and Barry (2013)",SMI Danger,News,Mechanical Turk,0.02307319015483582,0.044034591282501416,-0.06323460875886695,0.10938098906853859
"McGinty, Webster, and Barry (2013)",SMI Danger,LCM Ban,Mechanical Turk,0.012276867764136314,0.054269714041939136,-0.09409177175806438,0.11864550728633702
"McGinty, Webster, and Barry (2013)",SMI Danger,Mental Illness,Mechanical Turk,-0.07506890805296319,0.054180752623272425,-0.18126318319457713,0.031125367088650754
"McGinty, Webster, and Barry (2013)",SMI Danger,News,Original,0.09478503872760648,0.04945721362944012,-0.0021510999860961527,0.19172117744130912
"McGinty, Webster, and Barry (2013)",SMI Danger,LCM Ban,Original,-0.07076197933115723,0.06046915631470968,-0.1892815257079882,0.04775756704567374
"McGinty, Webster, and Barry (2013)",SMI Danger,Mental Illness,Original,-0.12095412845949506,0.061422686611074084,-0.24134259421720028,-5.656627017898569e-4
Craig and Richeson (2014),Support for Immigration,Majority Minority,Mechanical Turk,-0.22241171936924478,0.07279414370787772,-0.36508824103668513,-0.07973519770180446
Craig and Richeson (2014),Support for Immigration,Majority Minority,Original,-0.002692042260063576,0.0951989182183912,-0.18928192196811033,0.18389783744798316
Craig and Richeson (2014),Way of Life,Majority Minority,Mechanical Turk,0.07798965844711422,0.06633283376199052,-0.05202269572638718,0.20800201262061563
Craig and Richeson (2014),Way of Life,Majority Minority,Original,-0.1441088651768835,0.11031854993877134,-0.3603332230568753,0.07211549270310832
Johnston and Ballard (2016),Agree on Immigration,Expert Treatment,Mechanical Turk,0.3265111894233591,0.03605173469061161,0.25584978942976033,0.3971725894169579
Johnston and Ballard (2016),Agree on Immigration,Expert Treatment,Original,0.1381005289453696,0.11338895680212446,-0.08414182638679435,0.3603428842775335
Johnston and Ballard (2016),Agree on Health Care,Expert Treatment,Mechanical Turk,0.3446427224431283,0.03570696358412844,0.27465707381823656,0.4146283710680201
Johnston and Ballard (2016),Agree on Health Care,Expert Treatment,Original,0.14992656236930463,0.09982452435629567,-0.04572950536903489,0.3455826301076441
Johnston and Ballard (2016),Agree on Trade with China,Expert Treatment,Mechanical Turk,0.41726027397260007,0.035658877928608425,0.3473688732325276,0.48715167471267257
Johnston and Ballard (2016),Agree on Trade with China,Expert Treatment,Original,0.24494551038893914,0.10350339788540779,0.04207885053353988,0.4478121702443384
Johnston and Ballard (2016),Agree on Tax Cut,Expert Treatment,Mechanical Turk,0.4367638659899339,0.03572529105724999,0.3667422955177239,0.5067854364621438
Johnston and Ballard (2016),Agree on Tax Cut,Expert Treatment,Original,0.35223552659727553,0.10139393329161725,0.15350341734570572,0.5509676358488453
Johnston and Ballard (2016),Agree on Gold Standard,Expert Treatment,Mechanical Turk,0.5035516012509429,0.035425189100703046,0.4341182306135649,0.5729849718883209
Johnston and Ballard (2016),Agree on Gold Standard,Expert Treatment,Original,0.37854881233486715,0.1062912506287322,0.17021796110255205,0.5868796635671822
Hiscox (2006),Support for Free Trade,Expert,TESS/GfK,0.17422554013502747,0.04846753163248061,0.07922917813536548,0.26922190213468944
Hiscox (2006),Support for Free Trade,Positive,TESS/GfK,-0.03347835227849193,0.06531689768504415,-0.16149947174117846,0.09454276718419459
Hiscox (2006),Support for Free Trade,Negative,TESS/GfK,-0.3235229556258658,0.06693760642477062,-0.4547206642184162,-0.19232524703331538
Hiscox (2006),Support for Free Trade,Pos + Neg,TESS/GfK,-0.23247265116801422,0.0687607017554546,-0.36724362660870524,-0.09770167572732322
Hiscox (2006),Support for Free Trade,Expert,Mechanical Turk,0.27598818955755455,0.03335084234534843,0.21062053856067164,0.34135584055443746
Hiscox (2006),Support for Free Trade,Positive,Mechanical Turk,-0.07696197489560454,0.04237897217660849,-0.16002476036175717,0.006100810570548107
Hiscox (2006),Support for Free Trade,Negative,Mechanical Turk,-0.3207103403937317,0.04660436955897515,-0.412054904729323,-0.2293657760581404
Hiscox (2006),Support for Free Trade,Pos + Neg,Mechanical Turk,-0.3317142656707285,0.04641494341543643,-0.4226875547649839,-0.2407409765764731
Hiscox (2006),Support for Free Trade,Expert,Original,0.24541117422617564,0.061115625367601144,0.1256245485056774,0.3651977999466739
Hiscox (2006),Support for Free Trade,Positive,Original,-0.17400146779988834,0.08287763743210988,-0.33644163716682374,-0.011561298432952977
Hiscox (2006),Support for Free Trade,Negative,Original,-0.28451968503918706,0.08453596227211875,-0.4502101710925398,-0.11882919898583433
Hiscox (2006),Support for Free Trade,Pos + Neg,Original,-0.4075743200642846,0.08611899487016321,-0.5763675500098046,-0.23878109011876472
Levendusky and Malhotra (2016),Extremity of Policy Views,Polarizied Treatment,TESS/GfK,0.0500066559600995,0.05748164064885132,-0.06265735971164908,0.16267067163184806
Levendusky and Malhotra (2016),Extremity of Policy Views,Polarizied Treatment,Mechanical Turk,-0.047550498849701764,0.039556352990682185,-0.12508095071143885,0.02997995301203532
Levendusky and Malhotra (2016),Extremity of Policy Views,Polarizied Treatment,Original,0.021646209981521204,0.08412846137745439,-0.1432455743182894,0.1865379942813318
Levendusky and Malhotra (2016),Perceived Polarization,Polarizied Treatment,TESS/GfK,0.46518896443138597,0.08143606771460127,0.30557427171076745,0.6248036571520045
Levendusky and Malhotra (2016),Perceived Polarization,Polarizied Treatment,Mechanical Turk,0.3622358707326486,0.050500123352822765,0.263255628961116,0.46121611250418126
Levendusky and Malhotra (2016),Perceived Polarization,Polarizied Treatment,Original,0.16031992312853344,0.08070402213954049,0.0021400397350340716,0.3184998065220328
Hopkins and Mummolo (2017),Support for Crime Spending,Crime Argument,TESS/GfK,0.0861154330475406,0.0524414130804637,-0.016669736590168238,0.18890060268524944
Hopkins and Mummolo (2017),Support for Crime Spending,Crime Argument,Mechanical Turk,-0.011912754896371176,0.05235978973884216,-0.1145379427845018,0.09071243299175946
Hopkins and Mummolo (2017),Support for Crime Spending,Crime Argument,Original,0.06045495141451777,0.05168012687656479,-0.04083809726354922,0.16174800009258475
Hopkins and Mummolo (2017),Support for Health Care Spending,Health Care Argument,TESS/GfK,-0.02522237941085636,0.049252479564632995,-0.12175723935753702,0.07131248053582431
Hopkins and Mummolo (2017),Support for Health Care Spending,Health Care Argument,Mechanical Turk,-0.046453389545702425,0.04368661567091926,-0.13207915626070418,0.03917237716929933
Hopkins and Mummolo (2017),Support for Health Care Spending,Health Care Argument,Original,-0.025547217762714652,0.04667201980817688,-0.11702437658674134,0.06592994106131203
Hopkins and Mummolo (2017),Support for Stimulus Spending,Stimulus Argument,TESS/GfK,-0.23461746513527787,0.04065243805447544,-0.31429624372204973,-0.154938686548506
Hopkins and Mummolo (2017),Support for Stimulus Spending,Stimulus Argument,Mechanical Turk,-0.2141053888146301,0.0380552902407807,-0.28869375768656025,-0.13951701994269994
Hopkins and Mummolo (2017),Support for Stimulus Spending,Stimulus Argument,Original,-0.16380527699560574,0.044869099355760576,-0.2517487117328965,-0.07586184225831501
Hopkins and Mummolo (2017),Support for Terrorism Spending,Terrorism Argument,TESS/GfK,0.18305184504136865,0.05525868591918279,0.07474482063977039,0.2913588694429669
Hopkins and Mummolo (2017),Support for Terrorism Spending,Terrorism Argument,Mechanical Turk,0.1068790659607842,0.052996074467936014,0.0030067600036296077,0.2107513719179388
Hopkins and Mummolo (2017),Support for Terrorism Spending,Terrorism Argument,Original,0.24948792152007326,0.05259603233912816,0.14639969813538206,0.35257614490476447
