file,dataverse_file_id,file_persistent_id,bytes,md5_served,md5_published,unf,served_as
coppock_generalizability_analysis.R,3102252,doi:10.7910/DVN/F1CFFM/EXM8YX,8737,047b6dd3190432dea6c00489aabc0cea,047b6dd3190432dea6c00489aabc0cea,,coppock_generalizability_analysis.R
coppock_generalizability_analysis.html,3102251,doi:10.7910/DVN/F1CFFM/N1NAFW,721149,b82d36b7edb4965cc9236cb13b8886d2,b82d36b7edb4965cc9236cb13b8886d2,,coppock_generalizability_analysis.html
coppock_generalizability_analysis_results.RData,3102250,doi:10.7910/DVN/F1CFFM/RDRA4T,4226,4973eb46b08df064f0a5988886218a2f,4973eb46b08df064f0a5988886218a2f,UNF:6:FX0lFVeLMt11v+DJCu/gpA==,coppock_generalizability_analysis_results.tab
coppock_generalizability_appendix.R,3102254,doi:10.7910/DVN/F1CFFM/C8O5EH,19541,ddda6ded7ed9c1555082510b4c003abd,ddda6ded7ed9c1555082510b4c003abd,,coppock_generalizability_appendix.R
coppock_generalizability_appendix.html,3102253,doi:10.7910/DVN/F1CFFM/CV0UR4,757587,bce26ba25f006b07d2b06ab9bb75e402,bce26ba25f006b07d2b06ab9bb75e402,,coppock_generalizability_appendix.html
coppock_generalizability_figure_2.pdf,3102255,doi:10.7910/DVN/F1CFFM/DHZVYQ,12235,9bdeaa6590ad19580a37b8e4e397438a,9bdeaa6590ad19580a37b8e4e397438a,,coppock_generalizability_figure_2.pdf
coppock_generalizability_figure_3.pdf,3102256,doi:10.7910/DVN/F1CFFM/ODEWZZ,9183,ba8fd033174c1b4410c5f632e1cfe2af,ba8fd033174c1b4410c5f632e1cfe2af,,coppock_generalizability_figure_3.pdf
coppock_generalizability_figure_4.pdf,3102257,doi:10.7910/DVN/F1CFFM/IKKCZV,6288,c5bc5c4e62234622296bf21e9d4a160b,c5bc5c4e62234622296bf21e9d4a160b,,coppock_generalizability_figure_4.pdf
coppock_generalizability_figures.R,3102259,doi:10.7910/DVN/F1CFFM/ELD4NT,4777,b5d97af66156e0e310d1992a6fa37166,b5d97af66156e0e310d1992a6fa37166,,coppock_generalizability_figures.R
coppock_generalizability_figures.html,3102258,doi:10.7910/DVN/F1CFFM/EOA0BU,1103531,70d268673a89ce681c8f7eba1998e193,70d268673a89ce681c8f7eba1998e193,,coppock_generalizability_figures.html
coppock_generalizability_online_appendix_table_1.txt,3102260,doi:10.7910/DVN/F1CFFM/LKFQWB,0,d41d8cd98f00b204e9800998ecf8427e,d41d8cd98f00b204e9800998ecf8427e,,coppock_generalizability_online_appendix_table_1.txt
coppock_generalizability_online_appendix_table_10.txt,3102269,doi:10.7910/DVN/F1CFFM/Z4N6IZ,1117,6671223a42d08ebf8e46d7763ace2aa6,6671223a42d08ebf8e46d7763ace2aa6,,coppock_generalizability_online_appendix_table_10.txt
coppock_generalizability_online_appendix_table_11.txt,3102270,doi:10.7910/DVN/F1CFFM/WNMXMJ,1304,d488c1f3c122082e64876baea24708b5,d488c1f3c122082e64876baea24708b5,,coppock_generalizability_online_appendix_table_11.txt
coppock_generalizability_online_appendix_table_12.txt,3102271,doi:10.7910/DVN/F1CFFM/ANS5JJ,992,ebf8babb655629c4f58cb3df80a35885,ebf8babb655629c4f58cb3df80a35885,,coppock_generalizability_online_appendix_table_12.txt
coppock_generalizability_online_appendix_table_13.txt,3102272,doi:10.7910/DVN/F1CFFM/2YXYMJ,1018,683755123792d481d3d76e094b2862af,683755123792d481d3d76e094b2862af,,coppock_generalizability_online_appendix_table_13.txt
coppock_generalizability_online_appendix_table_14.txt,3102273,doi:10.7910/DVN/F1CFFM/JOMQ8J,1032,6b5bc3c78f328014a15bd113439957f0,6b5bc3c78f328014a15bd113439957f0,,coppock_generalizability_online_appendix_table_14.txt
coppock_generalizability_online_appendix_table_16.txt,3102274,doi:10.7910/DVN/F1CFFM/6545XY,1001,a293f6ed3a8928e4eaff12ddb704f73f,a293f6ed3a8928e4eaff12ddb704f73f,,coppock_generalizability_online_appendix_table_16.txt
coppock_generalizability_online_appendix_table_17.txt,3102275,doi:10.7910/DVN/F1CFFM/VVDS4Q,1030,0726d12d25bdbf3a1c8882eae3e29b59,0726d12d25bdbf3a1c8882eae3e29b59,,coppock_generalizability_online_appendix_table_17.txt
coppock_generalizability_online_appendix_table_2.txt,3102261,doi:10.7910/DVN/F1CFFM/XKPYTG,1128,a385502dea5478686f4e4a1e204bb033,a385502dea5478686f4e4a1e204bb033,,coppock_generalizability_online_appendix_table_2.txt
coppock_generalizability_online_appendix_table_3.txt,3102262,doi:10.7910/DVN/F1CFFM/MCUWBE,928,e291e8647299970da7b05d31dc616fd1,e291e8647299970da7b05d31dc616fd1,,coppock_generalizability_online_appendix_table_3.txt
coppock_generalizability_online_appendix_table_4.txt,3102263,doi:10.7910/DVN/F1CFFM/K55KJN,993,e850b01b728edfc1329ef681d446d5cc,e850b01b728edfc1329ef681d446d5cc,,coppock_generalizability_online_appendix_table_4.txt
coppock_generalizability_online_appendix_table_5.txt,3102264,doi:10.7910/DVN/F1CFFM/O63E7E,1023,434e6ab44bf717ef1c9958312ed26ff2,434e6ab44bf717ef1c9958312ed26ff2,,coppock_generalizability_online_appendix_table_5.txt
coppock_generalizability_online_appendix_table_6.txt,3102265,doi:10.7910/DVN/F1CFFM/IIMTUT,1280,6244a7794fd2558e8e80ebde27e9a3d3,6244a7794fd2558e8e80ebde27e9a3d3,,coppock_generalizability_online_appendix_table_6.txt
coppock_generalizability_online_appendix_table_7.txt,3102266,doi:10.7910/DVN/F1CFFM/HVLBRA,1309,55c7f658b1492cc1731b9bbd3f94e4e7,55c7f658b1492cc1731b9bbd3f94e4e7,,coppock_generalizability_online_appendix_table_7.txt
coppock_generalizability_online_appendix_table_8.txt,3102267,doi:10.7910/DVN/F1CFFM/QTVDYL,1102,54b4fd7d485b74508870c2c5a692d188,54b4fd7d485b74508870c2c5a692d188,,coppock_generalizability_online_appendix_table_8.txt
coppock_generalizability_online_appendix_table_9.txt,3102268,doi:10.7910/DVN/F1CFFM/0DXC2A,1310,4939973e44ce74916772a30cb770996e,4939973e44ce74916772a30cb770996e,,coppock_generalizability_online_appendix_table_9.txt
coppock_generalizability_ri_analysis.R,3102277,doi:10.7910/DVN/F1CFFM/GHOKCO,8157,d1fa4159c1702054b1f119d45949f2c6,d1fa4159c1702054b1f119d45949f2c6,,coppock_generalizability_ri_analysis.R
coppock_generalizability_ri_analysis.html,3102276,doi:10.7910/DVN/F1CFFM/XUUNKO,1088725,1067eb72342806f834af26c0dd491b0a,1067eb72342806f834af26c0dd491b0a,,coppock_generalizability_ri_analysis.html
coppock_generalizability_ri_functions.R,3102278,doi:10.7910/DVN/F1CFFM/NRE8UI,6073,07485dbe093ac2b6279f5e72218954fc,07485dbe093ac2b6279f5e72218954fc,,coppock_generalizability_ri_functions.R
coppock_generalizability_simulation.R,3102281,doi:10.7910/DVN/F1CFFM/VFXPSX,2491,34d3910af9d3740e32f0ef4e9a2296bb,34d3910af9d3740e32f0ef4e9a2296bb,,coppock_generalizability_simulation.R
coppock_generalizability_simulation.html,3102280,doi:10.7910/DVN/F1CFFM/DZMGB6,951658,e34f330c817c345e9f4ef7b404d7f429,e34f330c817c345e9f4ef7b404d7f429,,coppock_generalizability_simulation.html
coppock_generalizability_simulation_results.RData,3102279,doi:10.7910/DVN/F1CFFM/IF2PRV,865,40c9851d967118e3638bb247ddf5481a,40c9851d967118e3638bb247ddf5481a,UNF:6:jqrSNpHpIxarJStkth8xmA==,coppock_generalizability_simulation_results.tab
coppock_generalizability_studies.RData,3102282,doi:10.7910/DVN/F1CFFM/QNSVVP,421155,8ed02bead6ba96680ac33ecaa9bb9508,8ed02bead6ba96680ac33ecaa9bb9508,UNF:6:KltFU6+8FzTDcPwNa6K2jw==,coppock_generalizability_studies.tab
coppock_generalizability_study_data.RData,3102283,doi:10.7910/DVN/F1CFFM/DOR6ZD,1544,b33063f2d810f0c28997106e5fafa032,b33063f2d810f0c28997106e5fafa032,UNF:6:jfDB0OmfmqRLy0ALL88C/A==,coppock_generalizability_study_data.tab
coppock_generalizability_table.R,3102287,doi:10.7910/DVN/F1CFFM/2LUJ7O,2627,64a2b5f7b1ab86062a5db25eaafaec80,64a2b5f7b1ab86062a5db25eaafaec80,,coppock_generalizability_table.R
coppock_generalizability_table.html,3102286,doi:10.7910/DVN/F1CFFM/F2VCKV,724103,3fcd42a7482382bd68be1cda11e88fcd,3fcd42a7482382bd68be1cda11e88fcd,,coppock_generalizability_table.html
coppock_generalizability_table_2.txt,3102284,doi:10.7910/DVN/F1CFFM/LDQFFW,198,82b39eff040bab684063dbe912bf4d12,82b39eff040bab684063dbe912bf4d12,,coppock_generalizability_table_2.txt
coppock_generalizability_table_A1.txt,3102285,doi:10.7910/DVN/F1CFFM/EVBJL9,6050,73feadbc8109240a0c63f39c640047f6,73feadbc8109240a0c63f39c640047f6,,coppock_generalizability_table_A1.txt
