claim_id,location,claim_type,value_paper,digits,needs_block,claim,notes
abstract_n_replications,"Abstract, p. 1",structural,15,0,TRUE,Replication experiments the article reports,
intro_mullinix_experiments,"Introduction, p. 2",transcribed,20,0,FALSE,Experiments replicated by Mullinix et al. (2015),A property of the cited study
intro_mullinix_correlation,"Introduction, p. 2",transcribed,0.75,2,FALSE,Cross-sample correlation reported by Mullinix et al. (2015),Obtained by the article from private correspondence with those authors
intro_krupnikov_correlation,"Introduction, p. 2",transcribed,0.41,2,FALSE,MTurk-YouGov correlation in Krupnikov and Levine (2014),Recomputed by the article from data those authors shared; the deposit carries none of it
intro_n_pairs,"Introduction, p. 2",pipeline,40,0,TRUE,Pairs of average treatment effect estimates entering the MTurk-original correlation,
intro_n_study_pairs,"Introduction, p. 2",structural,12,0,TRUE,Study pairs the 40 estimate pairs come from,
intro_correlation,"Introduction, p. 2",pipeline,0.85,2,TRUE,Correlation between the MTurk and original estimates,
intro_df,"Introduction, p. 2",definitional,38,0,TRUE,"Degrees of freedom of that correlation, two fewer than the number of pairs",
intro_n_replication_studies,"Introduction, p. 2",structural,15,0,TRUE,Replication studies the results section presents,
theory_scenarios,"Treatment Effect Heterogeneity, p. 3",structural,2,0,FALSE,Scenarios contrasted in Figure 1,"No script in the deposit and none in the rewrite draws Figure 1, which is a stipulated illustration rather than an analysis of the study data"
fig1_sate_scenario1,"Figure 1, p. 4",definitional,-0.57,2,FALSE,Sample average treatment effect printed in the heterogeneous-effects panel,"No script in the deposit and none in the rewrite draws Figure 1, which is a stipulated illustration rather than an analysis of the study data"
fig1_pate_scenario1,"Figure 1, p. 4",definitional,0.50,2,FALSE,Population average treatment effect printed in the heterogeneous-effects panel,"No script in the deposit and none in the rewrite draws Figure 1, which is a stipulated illustration rather than an analysis of the study data"
fig1_sate_scenario2,"Figure 1, p. 4",definitional,0.50,2,FALSE,Sample average treatment effect printed in the homogeneous-effects panel,"No script in the deposit and none in the rewrite draws Figure 1, which is a stipulated illustration rather than an analysis of the study data"
fig1_pate_scenario2,"Figure 1, p. 4",definitional,0.50,2,FALSE,Population average treatment effect printed in the homogeneous-effects panel,"No script in the deposit and none in the rewrite draws Figure 1, which is a stipulated illustration rather than an analysis of the study data"
fig1_sampling_threshold,"Figure 1 axis label, p. 4",definitional,1/3,0,FALSE,Threshold on the unobserved characteristic below which units are sampled,"No script in the deposit and none in the rewrite draws Figure 1, which is a stipulated illustration rather than an analysis of the study data"
fig1_axis_ticks,"Figure 1, p. 4",structural,,,FALSE,Axis tick labels of the two Figure 1 panels,"The panels' coordinate system rather than a claim about data; No script in the deposit and none in the rewrite draws Figure 1, which is a stipulated illustration rather than an analysis of the study data"
theory_four_points,"Treatment Effect Heterogeneity, p. 4",structural,4,0,FALSE,Points the article says Figure 1 illustrates,The four numbered observations in the paragraph that follows
t1_estimates_concealed_carry,"Table 1, p. 5",pipeline,1,0,TRUE,Treatment effect estimates reported for Haider-Markel and Joslyn (2001),
t1_n_original_concealed_carry,"Table 1, p. 5",pipeline,518,0,FALSE,Subjects in the original Haider-Markel and Joslyn (2001) analysis,"The maintained rewrite's analysis scripts export estimates only, so nothing in maintained/output/ carries an analysis sample size; the deposited appendix script prints one"
t1_n_mt_concealed_carry,"Table 1, p. 5",pipeline,1009,0,FALSE,Subjects in the MTurk replication of Haider-Markel and Joslyn (2001),"The maintained rewrite's analysis scripts export estimates only, so nothing in maintained/output/ carries an analysis sample size; the deposited appendix script prints one"
t1_frame_year_concealed_carry,"Table 1, p. 5",definitional,1999,0,FALSE,Year the original Haider-Markel and Joslyn (2001) study was fielded,Stated in the sampling-frame column; the deposited data carry no fielding date
t1_estimates_immigration,"Table 1, p. 5",pipeline,2,0,TRUE,Treatment effect estimates reported for Brader (2005),
t1_n_original_immigration,"Table 1, p. 5",pipeline,281,0,FALSE,Subjects in the original Brader (2005) analysis,"The maintained rewrite's analysis scripts export estimates only, so nothing in maintained/output/ carries an analysis sample size; the deposited appendix script prints one"
t1_n_mt_immigration,"Table 1, p. 5",pipeline,1709,0,FALSE,Subjects in the MTurk replication of Brader (2005),"The maintained rewrite's analysis scripts export estimates only, so nothing in maintained/output/ carries an analysis sample size; the deposited appendix script prints one"
t1_frame_year_immigration,"Table 1, p. 5",definitional,2003,0,FALSE,Year the original Brader (2005) study was fielded,Stated in the sampling-frame column; the deposited data carry no fielding date
t1_estimates_death_penalty,"Table 1, p. 5",pipeline,1,0,TRUE,Treatment effect estimates reported for Peffley and Hurwitz (2007),
t1_n_original_death_penalty,"Table 1, p. 5",pipeline,905,0,FALSE,Subjects in the original Peffley and Hurwitz (2007) analysis,"The maintained rewrite's analysis scripts export estimates only, so nothing in maintained/output/ carries an analysis sample size; the deposited appendix script prints one"
t1_n_mt_death_penalty,"Table 1, p. 5",pipeline,1285,0,FALSE,Subjects in the MTurk replication of Peffley and Hurwitz (2007),"The maintained rewrite's analysis scripts export estimates only, so nothing in maintained/output/ carries an analysis sample size; the deposited appendix script prints one"
t1_frame_year_death_penalty,"Table 1, p. 5",definitional,2000-2001,0,FALSE,Year the original Peffley and Hurwitz (2007) study was fielded,Stated in the sampling-frame column; the deposited data carry no fielding date
t1_estimates_superordinate_id,"Table 1, p. 5",pipeline,2,0,TRUE,Treatment effect estimates reported for Transue (2007),
t1_n_original_superordinate_id,"Table 1, p. 5",pipeline,345,0,FALSE,Subjects in the original Transue (2007) analysis,"The maintained rewrite's analysis scripts export estimates only, so nothing in maintained/output/ carries an analysis sample size; the deposited appendix script prints one"
t1_n_mt_superordinate_id,"Table 1, p. 5",pipeline,367,0,FALSE,Subjects in the MTurk replication of Transue (2007),"The maintained rewrite's analysis scripts export estimates only, so nothing in maintained/output/ carries an analysis sample size; the deposited appendix script prints one"
t1_frame_year_superordinate_id,"Table 1, p. 5",definitional,1998,0,FALSE,Year the original Transue (2007) study was fielded,Stated in the sampling-frame column; the deposited data carry no fielding date
t1_estimates_patriot_act,"Table 1, p. 5",pipeline,9,0,TRUE,Treatment effect estimates reported for Chong and Druckman (2010),
t1_n_original_patriot_act,"Table 1, p. 5",pipeline,1302,0,FALSE,Subjects in the original Chong and Druckman (2010) analysis,"The maintained rewrite's analysis scripts export estimates only, so nothing in maintained/output/ carries an analysis sample size; the deposited appendix script prints one"
t1_n_mt_patriot_act,"Table 1, p. 5",pipeline,1887,0,FALSE,Subjects in the MTurk replication of Chong and Druckman (2010),"The maintained rewrite's analysis scripts export estimates only, so nothing in maintained/output/ carries an analysis sample size; the deposited appendix script prints one"
t1_frame_year_patriot_act,"Table 1, p. 5",definitional,2009,0,FALSE,Year the original Chong and Druckman (2010) study was fielded,Stated in the sampling-frame column; the deposited data carry no fielding date
t1_estimates_elite_endorsements,"Table 1, p. 5",pipeline,2,0,TRUE,Treatment effect estimates reported for Nicholson (2012),
t1_n_original_elite_endorsements,"Table 1, p. 5",pipeline,1491,0,FALSE,Subjects in the original Nicholson (2012) analysis,"The maintained rewrite's analysis scripts export estimates only, so nothing in maintained/output/ carries an analysis sample size; the deposited appendix script prints one"
t1_n_mt_elite_endorsements,"Table 1, p. 5",pipeline,1249,0,FALSE,Subjects in the MTurk replication of Nicholson (2012),"The maintained rewrite's analysis scripts export estimates only, so nothing in maintained/output/ carries an analysis sample size; the deposited appendix script prints one"
t1_frame_year_elite_endorsements,"Table 1, p. 5",definitional,2008,0,FALSE,Year the original Nicholson (2012) study was fielded,Stated in the sampling-frame column; the deposited data carry no fielding date
t1_estimates_mental_illness,"Table 1, p. 5",pipeline,6,0,TRUE,"Treatment effect estimates reported for McGinty, Webster and Barry (2013)",
t1_n_original_mental_illness,"Table 1, p. 5",pipeline,2935,0,FALSE,"Subjects in the original McGinty, Webster and Barry (2013) analysis","The maintained rewrite's analysis scripts export estimates only, so nothing in maintained/output/ carries an analysis sample size; the deposited appendix script prints one"
t1_n_mt_mental_illness,"Table 1, p. 5",pipeline,2487,0,FALSE,"Subjects in the MTurk replication of McGinty, Webster and Barry (2013)","The maintained rewrite's analysis scripts export estimates only, so nothing in maintained/output/ carries an analysis sample size; the deposited appendix script prints one"
t1_frame_year_mental_illness,"Table 1, p. 5",definitional,2012,0,FALSE,"Year the original McGinty, Webster and Barry (2013) study was fielded",Stated in the sampling-frame column; the deposited data carry no fielding date
t1_estimates_system_threat,"Table 1, p. 5",pipeline,2,0,TRUE,Treatment effect estimates reported for Craig and Richeson (2014),
t1_n_original_system_threat,"Table 1, p. 5",pipeline,611,0,FALSE,Subjects in the original Craig and Richeson (2014) analysis,"The maintained rewrite's analysis scripts export estimates only, so nothing in maintained/output/ carries an analysis sample size; the deposited appendix script prints one"
t1_n_mt_system_threat,"Table 1, p. 5",pipeline,709,0,FALSE,Subjects in the MTurk replication of Craig and Richeson (2014),"The maintained rewrite's analysis scripts export estimates only, so nothing in maintained/output/ carries an analysis sample size; the deposited appendix script prints one"
t1_frame_year_system_threat,"Table 1, p. 5",definitional,2012,0,FALSE,Year the original Craig and Richeson (2014) study was fielded,Stated in the sampling-frame column; the deposited data carry no fielding date
t1_estimates_expert_economists,"Table 1, p. 5",pipeline,5,0,TRUE,Treatment effect estimates reported for Johnston and Ballard (2016),
t1_n_original_expert_economists,"Table 1, p. 5",pipeline,2041,0,FALSE,Subjects in the original Johnston and Ballard (2016) analysis,"The maintained rewrite's analysis scripts export estimates only, so nothing in maintained/output/ carries an analysis sample size; the deposited appendix script prints one"
t1_n_mt_expert_economists,"Table 1, p. 5",pipeline,2985,0,FALSE,Subjects in the MTurk replication of Johnston and Ballard (2016),"The maintained rewrite's analysis scripts export estimates only, so nothing in maintained/output/ carries an analysis sample size; the deposited appendix script prints one"
t1_frame_year_expert_economists,"Table 1, p. 5",definitional,2013,0,FALSE,Year the original Johnston and Ballard (2016) study was fielded,Stated in the sampling-frame column; the deposited data carry no fielding date
t1_estimates_free_trade,"Table 1, p. 5",pipeline,4,0,TRUE,Treatment effect estimates reported for Hiscox (2006),
t1_n_original_free_trade,"Table 1, p. 5",pipeline,1610,0,FALSE,Subjects in the original Hiscox (2006) analysis,"The maintained rewrite's analysis scripts export estimates only, so nothing in maintained/output/ carries an analysis sample size; the deposited appendix script prints one"
t1_n_mt_free_trade,"Table 1, p. 5",pipeline,2972,0,FALSE,Subjects in the MTurk replication of Hiscox (2006),"The maintained rewrite's analysis scripts export estimates only, so nothing in maintained/output/ carries an analysis sample size; the deposited appendix script prints one"
t1_n_gfk_free_trade,"Table 1, p. 5",pipeline,2084,0,FALSE,Subjects in the TESS/GfK replication of Hiscox (2006),"The maintained rewrite's analysis scripts export estimates only, so nothing in maintained/output/ carries an analysis sample size; the deposited appendix script prints one"
t1_frame_year_free_trade,"Table 1, p. 5",definitional,2003,0,FALSE,Year the original Hiscox (2006) study was fielded,Stated in the sampling-frame column; the deposited data carry no fielding date
t1_estimates_polarization,"Table 1, p. 5",pipeline,2,0,TRUE,Treatment effect estimates reported for Levendusky and Malhotra (2016),
t1_n_original_polarization,"Table 1, p. 5",pipeline,1041,0,FALSE,Subjects in the original Levendusky and Malhotra (2016) analysis,"The maintained rewrite's analysis scripts export estimates only, so nothing in maintained/output/ carries an analysis sample size; the deposited appendix script prints one"
t1_n_mt_polarization,"Table 1, p. 5",pipeline,1987,0,FALSE,Subjects in the MTurk replication of Levendusky and Malhotra (2016),"The maintained rewrite's analysis scripts export estimates only, so nothing in maintained/output/ carries an analysis sample size; the deposited appendix script prints one"
t1_n_gfk_polarization,"Table 1, p. 5",pipeline,1411,0,FALSE,Subjects in the TESS/GfK replication of Levendusky and Malhotra (2016),"The maintained rewrite's analysis scripts export estimates only, so nothing in maintained/output/ carries an analysis sample size; the deposited appendix script prints one"
t1_frame_year_polarization,"Table 1, p. 5",definitional,2012,0,FALSE,Year the original Levendusky and Malhotra (2016) study was fielded,Stated in the sampling-frame column; the deposited data carry no fielding date
t1_estimates_frame_breadth,"Table 1, p. 5",pipeline,4,0,TRUE,Treatment effect estimates reported for Hopkins and Mummolo (2017),
t1_n_original_frame_breadth,"Table 1, p. 5",pipeline,3269,0,FALSE,Subjects in the original Hopkins and Mummolo (2017) analysis,"The maintained rewrite's analysis scripts export estimates only, so nothing in maintained/output/ carries an analysis sample size; the deposited appendix script prints one"
t1_n_mt_frame_breadth,"Table 1, p. 5",pipeline,2972,0,FALSE,Subjects in the MTurk replication of Hopkins and Mummolo (2017),"The maintained rewrite's analysis scripts export estimates only, so nothing in maintained/output/ carries an analysis sample size; the deposited appendix script prints one"
t1_n_gfk_frame_breadth,"Table 1, p. 5",pipeline,3189,0,FALSE,Subjects in the TESS/GfK replication of Hopkins and Mummolo (2017),"The maintained rewrite's analysis scripts export estimates only, so nothing in maintained/output/ carries an analysis sample size; the deposited appendix script prints one"
t1_frame_year_frame_breadth,"Table 1, p. 5",definitional,2011,0,FALSE,Year the original Hopkins and Mummolo (2017) study was fielded,Stated in the sampling-frame column; the deposited data carry no fielding date
results_heading_studies,"Results I heading, p. 5",structural,12,0,TRUE,Survey experiments the replication section covers,
results_first_batch,"Results I, p. 5",structural,5,0,FALSE,Studies in the first batch selected for replication,"Spelled out as ""five""; named individually in the same sentence"
results_selection_reasons,"Results I, p. 5",structural,3,0,FALSE,Reasons given for selecting the first batch,"Spelled out as ""three""; the three sentences that follow"
results_second_batch,"Results I, p. 5",structural,7,0,FALSE,"Studies in the second batch, from the TESS collaboration","Spelled out as ""seven"""
results_selected_seven,"Results I, p. 5",structural,7,0,FALSE,TESS studies selected,"Spelled out as ""seven""; restated"
results_mturk_only,"Results I, pp. 5-6",structural,4,0,FALSE,TESS studies replicated on MTurk alone,"Spelled out as ""four""; named individually in the same sentence"
results_both_platforms,"Results I, pp. 5-6",structural,3,0,TRUE,TESS studies replicated both on MTurk and on TESS/GfK,
results_three_cases,"Results I, p. 5",structural,3,0,TRUE,Cases replicated with fresh nationally representative samples,
results_two_batches,"Results I, p. 5",structural,2,0,FALSE,Batches the replications came in,"Spelled out as ""two"""
results_kansans_year,"Results I, p. 5",definitional,1999,0,FALSE,Year of the Haider-Markel and Joslyn target population,Restates the Table 1 sampling frame
results_none_in_mullinix,"Results I, p. 6",structural,0,0,FALSE,TESS studies replicated here that were also in Mullinix et al. (2015),"Stated as ""none of the seven""; a property of the other article's study list"
methods_payment,"Results I, p. 6",definitional,1.00,2,FALSE,Dollars paid to MTurk subjects,The deposited data carry no payment field
methods_minutes_low,"Results I, p. 6",definitional,5,0,FALSE,Lower bound of the stated survey length in minutes,The deposited data carry no completion time
methods_minutes_high,"Results I, p. 6",definitional,10,0,FALSE,Upper bound of the stated survey length in minutes,The deposited data carry no completion time
methods_approval_rate,"Results I, p. 6",definitional,95,0,FALSE,Minimum MTurk work approval rate for eligibility,A recruitment criterion the deposited data do not record
methods_max_dvs,"Results I, p. 6",descriptive,2,0,TRUE,Dependent variables analysed per study,"The article says it limited the number to two; whether that holds depends on what counts as a study, and the deposit's own groupings and the appendix's numbering disagree"
methods_two_main_dvs,"Results I, p. 6",definitional,2,0,FALSE,Outcome variables described as the study's main ones,Restates the sentence above; the choice itself is not recorded in the deposit
fn5_persuasion_magnitude,"Footnote 5, p. 6",descriptive,0.2,1,TRUE,Standard deviations by which the treatments move opinion in the direction of the appeal,"Hedged with a tilde in the published sentence, so it is compared as an approximation"
fig2_ci_level,"Results I, p. 6",definitional,95,0,TRUE,Confidence level of the intervals drawn in Figure 2,
fig2_facets,"Figure 2, p. 7",structural,12,0,TRUE,"Facets of Figure 2, one per study",
fig2_top_facets,"Results I, p. 7",structural,9,0,TRUE,Facets comparing two versions of a study,
fig2_two_versions,"Results I, p. 7",structural,2,0,TRUE,Study versions compared in those facets,
fig2_bottom_facets,"Results I, p. 7",structural,3,0,TRUE,Facets comparing three versions of a study,
fig2_three_versions,"Results I, p. 7",structural,3,0,TRUE,Study versions compared in those facets,
fig2_points,"Figure 2, p. 7",structural,90,0,TRUE,Estimates plotted across the twelve facets,"The figure prints no numbers, so what it plots is the quantity it asserts"
fig2_axis_ticks,"Figure 2, p. 7",structural,,,FALSE,Axis tick labels of the twelve facets,"Each facet's coordinate system, set by scales = ""free"" in figure_2_study_estimates.R and verified at the point of use"
results_pairs,"Results I, p. 8",pipeline,40,0,TRUE,Original-MTurk pairs of coefficients estimated,
results_orig_sig,"Results I, p. 8",pipeline,25,0,TRUE,Coefficients significant in the original studies,
results_replicated,"Results I, p. 8",pipeline,18,0,TRUE,"Of those, coefficients also significant on MTurk",
results_orig_nonsig,"Results I, p. 8",pipeline,15,0,TRUE,Coefficients not significant in the original studies,
results_nonsig_maintained,"Results I, p. 8",pipeline,11,0,TRUE,"Of those, coefficients also not significant on MTurk",
results_formula_replicated,"Results I, p. 8",pipeline,18,0,TRUE,"Replicated significant coefficients, restated inside the replication-rate formula",
results_formula_nonsig,"Results I, p. 8",pipeline,11,0,TRUE,"Replicated null coefficients, restated inside the replication-rate formula",
results_formula_orig_sig,"Results I, p. 8",pipeline,25,0,TRUE,"Originally significant coefficients, restated inside the replication-rate formula",
results_formula_orig_nonsig,"Results I, p. 8",pipeline,15,0,TRUE,"Originally null coefficients, restated inside the replication-rate formula",
results_replication_rate,"Results I, p. 8",pipeline,72.5,1,TRUE,"Replication rate, narrowly defined, as a percentage",
results_zero_sign_flips,"Results I, p. 8",descriptive,0,0,TRUE,Cases in which two versions of a study returned significant coefficients of opposite sign,
results_power_illustration,"Results I, p. 8",definitional,0.01,2,FALSE,Power used in the hypothetical illustration,"A hypothetical, not an estimate"
results_power_percent,"Results I, p. 8",definitional,1,0,FALSE,The same hypothetical power as a percentage,"A hypothetical, not an estimate"
results_match_rate_ceiling,"Results I, p. 8",definitional,100,0,FALSE,"Match rate the hypothetical would produce, as a percentage","A hypothetical, not an estimate"
results_osc_ci,"Results I, p. 8",definitional,95,0,FALSE,Confidence level of the interval in the Open Science Collaboration measure,A description of another article's measure
results_12_pairs,"Results I, p. 8",structural,12,0,TRUE,"Study pairs behind the correlation, restated",
results_40_coefficients,"Results I, p. 8",structural,40,0,TRUE,"Coefficients behind the correlation, restated",
results_correlation,"Results I, p. 8",pipeline,0.85,2,TRUE,Correlation between the MTurk and original coefficients,
results_df,"Results I, p. 8",definitional,38,0,TRUE,Degrees of freedom of that correlation,
fig3_ci_level,"Results I, p. 8",definitional,95,0,TRUE,Confidence level of the intervals drawn in Figure 3,
results_gfk_studies,"Results I, p. 8",structural,3,0,TRUE,Studies replicated in parallel on MTurk and on fresh TESS/GfK samples,
results_gfk_coefficients,"Results I, p. 8",structural,10,0,TRUE,Coefficients in those three studies,
results_cor_mt_orig_gfk,"Results I, p. 8",pipeline,0.90,2,TRUE,Correlation of the MTurk and original estimates on the TESS/GfK subset,
results_df_mt_orig_gfk,"Results I, p. 8",definitional,8,0,TRUE,Degrees of freedom of that correlation,
results_cor_gfk_mt,"Results I, p. 8",pipeline,0.96,2,TRUE,Correlation of the TESS/GfK and MTurk estimates,
results_df_gfk_mt,"Results I, p. 8",definitional,8,0,TRUE,Degrees of freedom of that correlation,
results_cor_gfk_orig,"Results I, p. 8",pipeline,0.85,2,TRUE,Correlation of the TESS/GfK and original estimates,
results_df_gfk_orig,"Results I, p. 8",definitional,8,0,TRUE,Degrees of freedom of that correlation,
fig3_points,"Figure 3, p. 9",structural,40,0,TRUE,Coefficient pairs plotted in Figure 3,"The figure prints no numbers, so what it plots is the quantity it asserts"
fig3_axis_ticks,"Figure 3, p. 9",structural,,,FALSE,Axis tick labels of Figure 3,"The plot's coordinate system, set by coord_cartesian() in figure_3_mt_original_scatter.R and verified at the point of use"
method_ci_9999,"Results II, p. 9",definitional,99.99,2,FALSE,Confidence level of the interval of plausible constant effects,"Set by qnorm(0.9999) in the deposit's coppock_generalizability_ri_functions.R, which the rewrite sources unchanged, and verified at that call site"
eq1_null_effect,"Equation 1, p. 10",definitional,0,0,FALSE,Coefficient on the treatment indicator in the simulation's potential outcomes function,A stipulated parameter of the simulation
sim_z_low,"Results II, p. 10",definitional,0,0,FALSE,Lower value the treatment indicator can take,A stipulated parameter
sim_z_high,"Results II, p. 10",definitional,1,0,FALSE,Upper value the treatment indicator can take,A stipulated parameter
sim_illustration_positive,"Results II, p. 10",definitional,0.5,1,FALSE,Standard units of the illustrative large positive effect,A hypothetical illustration
sim_illustration_negative,"Results II, p. 10",definitional,0.5,1,FALSE,Standard units of the illustrative large negative effect,A hypothetical illustration
sim_illustration_sd,"Results II, p. 10",definitional,0.5,1,FALSE,Standard deviation of treatment effects the illustration implies,A hypothetical illustration
sim_parameters,"Results II, p. 10",structural,2,0,TRUE,Parameters the simulation study varied,
fig4_typical_arm,"Results II, p. 10",descriptive,500,0,FALSE,Subjects per treatment arm the MTurk replications typically employ,"The maintained rewrite's analysis scripts export estimates only, so nothing in maintained/output/ carries an analysis sample size; the deposited appendix script prints one"
fig4_het_02,"Results II, p. 10",definitional,0.2,1,TRUE,"Heterogeneity scale, in standard deviations, at which the article claims high power",
fig4_power_at_02,"Results II, p. 10",pipeline,0.8,1,TRUE,Simulated power to detect that heterogeneity at 500 subjects per arm,Hedged with an approximation sign in the published sentence
fig4_het_01,"Results II, p. 10",definitional,0.1,1,TRUE,Heterogeneity scale at which the article claims moderate power,
fig4_power_at_01,"Results II, p. 10",pipeline,0.6,1,TRUE,Simulated power to detect that heterogeneity at 500 subjects per arm,Hedged with an approximation sign in the published sentence
fig4_axis_ticks,"Figure 4, p. 10",structural,,,FALSE,Axis tick labels and colour-bar breaks of Figure 4,"The plot's coordinate system, set by scale_y_continuous() and scale_color_gradient() in figure_4_power_simulation.R and verified at the point of use"
fig4_reference_power,"Figure 4, p. 10",structural,0.8,1,FALSE,Power at which Figure 4 draws its horizontal reference line,A guide line rather than a simulated value; set by geom_hline() in figure_4_power_simulation.R and verified at that call site
fig4_reference_arm,"Figure 4, p. 10",structural,500,0,FALSE,Subjects per arm at which Figure 4 draws its vertical reference line,A guide line rather than a simulated value; set by geom_vline() in figure_4_power_simulation.R and verified at that call site
fig4_annotation_sigma,"Figure 4, p. 10",structural,0.2,1,FALSE,Heterogeneity scale named in the annotation printed on the face of Figure 4,Typeset by annotate() in figure_4_power_simulation.R and verified at that call site
results2_total_studies,"Results II, p. 10",structural,27,0,TRUE,Studies the heterogeneity test is applied to,
results2_original_studies,"Results II, p. 10",structural,12,0,TRUE,Original studies among them,
results2_replications,"Results II, p. 10",structural,15,0,TRUE,Replications among them,
text_original_studies,"Results II, p. 10",structural,12,0,TRUE,"Original studies, restated at the head of the sentence reporting their significant tests",
text_original_n_sig,"Results II, p. 10",pipeline,1,0,TRUE,Original comparisons the text says revealed effect heterogeneity,
text_original_n_comparisons,"Results II, p. 10",pipeline,40,0,TRUE,"Original treatment-versus-control comparisons, as the text states them",
text_mt_n_sig,"Results II, p. 10",pipeline,8,0,TRUE,MTurk treatments the text says were shown to have heterogeneous effects,
text_mt_n_comparisons,"Results II, p. 10",pipeline,40,0,TRUE,"MTurk comparisons, as the text states them",
text_gfk_n_sig,"Results II, p. 10",pipeline,0,0,TRUE,TESS/GfK tests the text says were significant,
text_gfk_n_comparisons,"Results II, p. 10",pipeline,10,0,TRUE,"TESS/GfK tests, as the text states them",
text_one_shared_case,"Results II, pp. 10-11",descriptive,1,0,TRUE,Cases in which the same comparison returned a significant test statistic across samples,
t2_original_n_comparisons,"Table 2, p. 11",pipeline,40,0,TRUE,"Table 2, Original, N Comparisons",
t2_original_n_sig,"Table 2, p. 11",pipeline,1,0,TRUE,"Table 2, Original, N Significant",
t2_original_n_sig_holm,"Table 2, p. 11",pipeline,0,0,TRUE,"Table 2, Original, N Significant (Holm)",
t2_mt_n_comparisons,"Table 2, p. 11",pipeline,40,0,TRUE,"Table 2, Mechanical Turk, N Comparisons",
t2_mt_n_sig,"Table 2, p. 11",pipeline,9,0,TRUE,"Table 2, Mechanical Turk, N Significant",
t2_mt_n_sig_holm,"Table 2, p. 11",pipeline,8,0,TRUE,"Table 2, Mechanical Turk, N Significant (Holm)",
t2_gfk_n_comparisons,"Table 2, p. 11",pipeline,10,0,TRUE,"Table 2, TESS/GfK, N Comparisons",
t2_gfk_n_sig,"Table 2, p. 11",pipeline,2,0,TRUE,"Table 2, TESS/GfK, N Significant",
t2_gfk_n_sig_holm,"Table 2, p. 11",pipeline,0,0,TRUE,"Table 2, TESS/GfK, N Significant (Holm)",
fn8_holm_year,"Footnote 8, p. 11",transcribed,1979,0,FALSE,Year of the Holm correction the footnote describes,A citation year
disc_response_rate,"Discussion, p. 12",transcribed,9,0,FALSE,"Telephone survey response rate, as a percentage, cited from Keeter et al. (2017)",A property of the cited report
disc_osc_papers,"Discussion, p. 12",transcribed,100,0,FALSE,Psychology papers in the Open Science Collaboration replication effort,A property of the cited study
disc_osc_low,"Discussion, p. 12",transcribed,1/3,0,FALSE,Lower end of the share of those papers said to replicate,"Spelled out as ""one-third""; a property of the cited study"
disc_osc_high,"Discussion, p. 12",transcribed,1/2,0,FALSE,Upper end of that share,"Spelled out as ""one-half""; a property of the cited study"
ta1_original_entries,"Table A1, pp. 15-16",pipeline,40,0,TRUE,"Table A1 entries in the Original column, each an estimate, a standard error and a significance star, checked cell by cell against ground_truth/published_table_a1.csv",
ta1_mt_entries,"Table A1, pp. 15-16",pipeline,40,0,TRUE,"Table A1 entries in the Mechanical Turk column, each an estimate, a standard error and a significance star, checked cell by cell against ground_truth/published_table_a1.csv",
ta1_gfk_entries,"Table A1, pp. 15-16",pipeline,10,0,TRUE,"Table A1 entries in the TESS/GfK column, each an estimate, a standard error and a significance star, checked cell by cell against ground_truth/published_table_a1.csv",
ta1_note_alpha,"Table A1 note, p. 16",definitional,0.05,2,FALSE,Significance threshold the Table A1 stars mark,Set by format_entry() in maintained/helpers.R and verified at that call site
appx_t1_treatment_cells,Online Appendix Table 1,pipeline,4,0,TRUE,"Estimate and standard error cells on the treatment rows of appendix Table 1 (Gun Control), checked cell by cell against ground_truth/published_appendix_tables.csv",
appx_t1_other_cells,Online Appendix Table 1,pipeline,8,0,FALSE,"Intercept, sample size and R-squared cells of appendix Table 1 (Gun Control)","The maintained rewrite drops the intercept and the party-identification covariate before writing its estimates and exports neither sample sizes nor R-squared, so nothing in maintained/output/ carries these cells; the deposited appendix script produces all of them"
appx_t2_treatment_cells,Online Appendix Table 2,pipeline,8,0,TRUE,"Estimate and standard error cells on the treatment rows of appendix Table 2 (Immigration), checked cell by cell against ground_truth/published_appendix_tables.csv",
appx_t2_other_cells,Online Appendix Table 2,pipeline,16,0,FALSE,"Intercept, sample size and R-squared cells of appendix Table 2 (Immigration)","The maintained rewrite drops the intercept and the party-identification covariate before writing its estimates and exports neither sample sizes nor R-squared, so nothing in maintained/output/ carries these cells; the deposited appendix script produces all of them"
appx_t3_treatment_cells,Online Appendix Table 3,pipeline,4,0,TRUE,"Estimate and standard error cells on the treatment rows of appendix Table 3 (Death Penalty), checked cell by cell against ground_truth/published_appendix_tables.csv",
appx_t3_other_cells,Online Appendix Table 3,pipeline,8,0,FALSE,"Intercept, sample size and R-squared cells of appendix Table 3 (Death Penalty)","The maintained rewrite drops the intercept and the party-identification covariate before writing its estimates and exports neither sample sizes nor R-squared, so nothing in maintained/output/ carries these cells; the deposited appendix script produces all of them"
appx_t4_treatment_cells,Online Appendix Table 4,pipeline,8,0,TRUE,"Estimate and standard error cells on the treatment rows of appendix Table 4 (Superordinate Identity), checked cell by cell against ground_truth/published_appendix_tables.csv",
appx_t4_other_cells,Online Appendix Table 4,pipeline,8,0,FALSE,"Intercept, sample size and R-squared cells of appendix Table 4 (Superordinate Identity)","The maintained rewrite drops the intercept and the party-identification covariate before writing its estimates and exports neither sample sizes nor R-squared, so nothing in maintained/output/ carries these cells; the deposited appendix script produces all of them"
appx_t5_treatment_cells,Online Appendix Table 5,pipeline,36,0,TRUE,"Estimate and standard error cells on the treatment rows of appendix Table 5 (Patriot Act), checked cell by cell against ground_truth/published_appendix_tables.csv",
appx_t5_other_cells,Online Appendix Table 5,pipeline,8,0,FALSE,"Intercept, sample size and R-squared cells of appendix Table 5 (Patriot Act)","The maintained rewrite drops the intercept and the party-identification covariate before writing its estimates and exports neither sample sizes nor R-squared, so nothing in maintained/output/ carries these cells; the deposited appendix script produces all of them"
appx_t6_treatment_cells,Online Appendix Table 6,pipeline,8,0,TRUE,"Estimate and standard error cells on the treatment rows of appendix Table 6 (Elite Endorsements), checked cell by cell against ground_truth/published_appendix_tables.csv",
appx_t6_other_cells,Online Appendix Table 6,pipeline,24,0,FALSE,"Intercept, sample size and R-squared cells of appendix Table 6 (Elite Endorsements)","The maintained rewrite drops the intercept and the party-identification covariate before writing its estimates and exports neither sample sizes nor R-squared, so nothing in maintained/output/ carries these cells; the deposited appendix script produces all of them"
appx_t7_treatment_cells,Online Appendix Table 7,pipeline,24,0,TRUE,"Estimate and standard error cells on the treatment rows of appendix Table 7 (Mental Illness), checked cell by cell against ground_truth/published_appendix_tables.csv",
appx_t7_other_cells,Online Appendix Table 7,pipeline,16,0,FALSE,"Intercept, sample size and R-squared cells of appendix Table 7 (Mental Illness)","The maintained rewrite drops the intercept and the party-identification covariate before writing its estimates and exports neither sample sizes nor R-squared, so nothing in maintained/output/ carries these cells; the deposited appendix script produces all of them"
appx_t8_treatment_cells,Online Appendix Table 8,pipeline,8,0,TRUE,"Estimate and standard error cells on the treatment rows of appendix Table 8 (System Threat), checked cell by cell against ground_truth/published_appendix_tables.csv",
appx_t8_other_cells,Online Appendix Table 8,pipeline,16,0,FALSE,"Intercept, sample size and R-squared cells of appendix Table 8 (System Threat)","The maintained rewrite drops the intercept and the party-identification covariate before writing its estimates and exports neither sample sizes nor R-squared, so nothing in maintained/output/ carries these cells; the deposited appendix script produces all of them"
appx_t9_treatment_cells,Online Appendix Table 9,pipeline,12,0,TRUE,"Estimate and standard error cells on the treatment rows of appendix Table 9 (Expert Economists: Immigration, Health Care and China), checked cell by cell against ground_truth/published_appendix_tables.csv",
appx_t9_other_cells,Online Appendix Table 9,pipeline,24,0,FALSE,"Intercept, sample size and R-squared cells of appendix Table 9 (Expert Economists: Immigration, Health Care and China)","The maintained rewrite drops the intercept and the party-identification covariate before writing its estimates and exports neither sample sizes nor R-squared, so nothing in maintained/output/ carries these cells; the deposited appendix script produces all of them"
appx_t10_treatment_cells,Online Appendix Table 10,pipeline,8,0,TRUE,"Estimate and standard error cells on the treatment rows of appendix Table 10 (Expert Economists: Tax Cuts and Gold Standard), checked cell by cell against ground_truth/published_appendix_tables.csv",
appx_t10_other_cells,Online Appendix Table 10,pipeline,16,0,FALSE,"Intercept, sample size and R-squared cells of appendix Table 10 (Expert Economists: Tax Cuts and Gold Standard)","The maintained rewrite drops the intercept and the party-identification covariate before writing its estimates and exports neither sample sizes nor R-squared, so nothing in maintained/output/ carries these cells; the deposited appendix script produces all of them"
appx_t11_treatment_cells,Online Appendix Table 11,pipeline,24,0,TRUE,"Estimate and standard error cells on the treatment rows of appendix Table 11 (Free Trade), checked cell by cell against ground_truth/published_appendix_tables.csv",
appx_t11_other_cells,Online Appendix Table 11,pipeline,12,0,FALSE,"Intercept, sample size and R-squared cells of appendix Table 11 (Free Trade)","The maintained rewrite drops the intercept and the party-identification covariate before writing its estimates and exports neither sample sizes nor R-squared, so nothing in maintained/output/ carries these cells; the deposited appendix script produces all of them"
appx_t12_treatment_cells,Online Appendix Table 12,pipeline,6,0,TRUE,"Estimate and standard error cells on the treatment rows of appendix Table 12 (Extremity), checked cell by cell against ground_truth/published_appendix_tables.csv",
appx_t12_other_cells,Online Appendix Table 12,pipeline,12,0,FALSE,"Intercept, sample size and R-squared cells of appendix Table 12 (Extremity)","The maintained rewrite drops the intercept and the party-identification covariate before writing its estimates and exports neither sample sizes nor R-squared, so nothing in maintained/output/ carries these cells; the deposited appendix script produces all of them"
appx_t13_treatment_cells,Online Appendix Table 13,pipeline,6,0,TRUE,"Estimate and standard error cells on the treatment rows of appendix Table 13 (Perceived Polarization), checked cell by cell against ground_truth/published_appendix_tables.csv",
appx_t13_other_cells,Online Appendix Table 13,pipeline,12,0,FALSE,"Intercept, sample size and R-squared cells of appendix Table 13 (Perceived Polarization)","The maintained rewrite drops the intercept and the party-identification covariate before writing its estimates and exports neither sample sizes nor R-squared, so nothing in maintained/output/ carries these cells; the deposited appendix script produces all of them"
appx_t14_treatment_cells,Online Appendix Table 14,pipeline,6,0,TRUE,"Estimate and standard error cells on the treatment rows of appendix Table 14 (Crime Spending), checked cell by cell against ground_truth/published_appendix_tables.csv",
appx_t14_other_cells,Online Appendix Table 14,pipeline,12,0,FALSE,"Intercept, sample size and R-squared cells of appendix Table 14 (Crime Spending)","The maintained rewrite drops the intercept and the party-identification covariate before writing its estimates and exports neither sample sizes nor R-squared, so nothing in maintained/output/ carries these cells; the deposited appendix script produces all of them"
appx_t15_treatment_cells,Online Appendix Table 15,pipeline,6,0,TRUE,"Estimate and standard error cells on the treatment rows of appendix Table 15 (Health Care Spending), checked cell by cell against ground_truth/published_appendix_tables.csv",
appx_t15_other_cells,Online Appendix Table 15,pipeline,12,0,FALSE,"Intercept, sample size and R-squared cells of appendix Table 15 (Health Care Spending)","The maintained rewrite drops the intercept and the party-identification covariate before writing its estimates and exports neither sample sizes nor R-squared, so nothing in maintained/output/ carries these cells; the deposited appendix script produces all of them"
appx_t16_treatment_cells,Online Appendix Table 16,pipeline,6,0,TRUE,"Estimate and standard error cells on the treatment rows of appendix Table 16 (Stimulus Spending), checked cell by cell against ground_truth/published_appendix_tables.csv",
appx_t16_other_cells,Online Appendix Table 16,pipeline,12,0,FALSE,"Intercept, sample size and R-squared cells of appendix Table 16 (Stimulus Spending)","The maintained rewrite drops the intercept and the party-identification covariate before writing its estimates and exports neither sample sizes nor R-squared, so nothing in maintained/output/ carries these cells; the deposited appendix script produces all of them"
appx_t17_treatment_cells,Online Appendix Table 17,pipeline,6,0,TRUE,"Estimate and standard error cells on the treatment rows of appendix Table 17 (Terrorism Spending), checked cell by cell against ground_truth/published_appendix_tables.csv",
appx_t17_other_cells,Online Appendix Table 17,pipeline,12,0,FALSE,"Intercept, sample size and R-squared cells of appendix Table 17 (Terrorism Spending)","The maintained rewrite drops the intercept and the party-identification covariate before writing its estimates and exports neither sample sizes nor R-squared, so nothing in maintained/output/ carries these cells; the deposited appendix script produces all of them"
